{"mean":{"confidence_interval":{"confidence_level":0.95,"lower_bound":76938672.2704524,"upper_bound":77509609.5382738},"point_estimate":77190240.23160714,"standard_error":147077.24707921167},"median":{"confidence_interval":{"confidence_level":0.95,"lower_bound":76808692.0625,"upper_bound":77383013.6},"point_estimate":77111444.83333334,"standard_error":153412.1505748108},"median_abs_dev":{"confidence_interval":{"confidence_level":0.95,"lower_bound":82253.0249459669,"upper_bound":683631.283749361},"point_estimate":425744.5481902689,"standard_error":141960.9998784119},"slope":{"confidence_interval":{"confidence_level":0.95,"lower_bound":76862018.49273607,"upper_bound":77165063.34937239},"point_estimate":76979798.27402598,"standard_error":77768.57563755324},"std_dev":{"confidence_interval":{"confidence_level":0.95,"lower_bound":194256.63091614647,"upper_bound":701008.7406153136},"point_estimate":490345.2301006247,"standard_error":153069.59906863928}}