{"mean":{"confidence_interval":{"confidence_level":0.95,"lower_bound":371826.6328559008,"upper_bound":376263.579297816},"point_estimate":373896.2353623446,"standard_error":1133.2346578206125},"median":{"confidence_interval":{"confidence_level":0.95,"lower_bound":371736.0553240741,"upper_bound":374721.73441335297},"point_estimate":373846.5872340426,"standard_error":851.9971486171389},"median_abs_dev":{"confidence_interval":{"confidence_level":0.95,"lower_bound":4837.363780013059,"upper_bound":9577.01540166967},"point_estimate":7022.542660956946,"standard_error":1240.4539473197992},"slope":{"confidence_interval":{"confidence_level":0.95,"lower_bound":375457.48544211756,"upper_bound":377923.46298003476},"point_estimate":376674.31479631545,"standard_error":626.8221235578978},"std_dev":{"confidence_interval":{"confidence_level":0.95,"lower_bound":7152.112009547666,"upper_bound":15175.221757008776},"point_estimate":11409.680090262715,"standard_error":2051.113822090167}}