{"sampling_mode":"Linear","iters":[2.0,4.0,6.0,8.0,10.0,12.0,14.0,16.0,18.0,20.0],"times":[4.578396962463874e-8,8.953594046697867e-8,1.3447912939781478e-7,1.8005023694526006e-7,2.2477305527350473e-7,1.3490618839213337e-7,1.5759199548345529e-7,1.789899129327396e-7,2.0187990652193287e-7,2.2496084735860948e-7]}