{"mean":{"confidence_interval":{"confidence_level":0.95,"lower_bound":2.2003066050370478e-8,"upper_bound":6.543205776846978e-8},"point_estimate":4.016378148034889e-8,"standard_error":1.148196136951203e-8},"median":{"confidence_interval":{"confidence_level":0.95,"lower_bound":1.705750307700039e-8,"upper_bound":5.069916324656726e-8},"point_estimate":2.5040343812477786e-8,"standard_error":9.066263846576138e-9},"median_abs_dev":{"confidence_interval":{"confidence_level":0.95,"lower_bound":2.8788242468436226e-9,"upper_bound":3.968931737227121e-8},"point_estimate":1.3800649175174579e-8,"standard_error":1.0334963039693063e-8},"slope":{"confidence_interval":{"confidence_level":0.95,"lower_bound":1.6728464402894902e-8,"upper_bound":2.6853783533788537e-8},"point_estimate":1.9691632224626077e-8,"standard_error":2.6427978934031235e-9},"std_dev":{"confidence_interval":{"confidence_level":0.95,"lower_bound":7.954806143225691e-9,"upper_bound":5.565612271687673e-8},"point_estimate":3.808002499685127e-8,"standard_error":1.4091679554992493e-8}}