{"mean":{"confidence_interval":{"confidence_level":0.95,"lower_bound":86.47712988673621,"upper_bound":98.04472743323159},"point_estimate":92.61127595179057,"standard_error":2.956307902641373},"median":{"confidence_interval":{"confidence_level":0.95,"lower_bound":79.09122592193458,"upper_bound":99.44209563402477},"point_estimate":96.31073939184175,"standard_error":4.658012667749229},"median_abs_dev":{"confidence_interval":{"confidence_level":0.95,"lower_bound":0.3107559377129721,"upper_bound":13.807051677952751},"point_estimate":5.551632952069291,"standard_error":3.754567039407729},"slope":{"confidence_interval":{"confidence_level":0.95,"lower_bound":90.45843035300433,"upper_bound":100.9308991784895},"point_estimate":97.52583377695352,"standard_error":2.7278673871942005},"std_dev":{"confidence_interval":{"confidence_level":0.95,"lower_bound":3.210627984357857,"upper_bound":11.461262147315466},"point_estimate":9.877869039471049,"standard_error":1.7341880127790923}}