{"sampling_mode":"Linear","iters":[3.0,6.0,9.0,12.0,15.0,18.0,21.0,24.0,27.0,30.0],"times":[2.1435158095116993e-7,4.178409063284796e-7,6.358917204122123e-7,4.202402598859703e-7,5.625029914873539e-7,6.345917996981898e-7,4.953486102202867e-7,5.70687267307811e-7,6.255735854278357e-7,6.812045758979355e-7]}