{"mean":{"confidence_interval":{"confidence_level":0.95,"lower_bound":297342333.49375004,"upper_bound":300168513.55},"point_estimate":298766408.8,"standard_error":728419.6511637181},"median":{"confidence_interval":{"confidence_level":0.95,"lower_bound":296366985.25,"upper_bound":300870293.5},"point_estimate":299126354.25,"standard_error":1402657.3141730954},"median_abs_dev":{"confidence_interval":{"confidence_level":0.95,"lower_bound":378061.8813380599,"upper_bound":3914794.1109985113},"point_estimate":3103510.9576016665,"standard_error":949321.5380710713},"slope":null,"std_dev":{"confidence_interval":{"confidence_level":0.95,"lower_bound":1607661.1546905094,"upper_bound":2834474.434786765},"point_estimate":2432799.443049271,"standard_error":314929.98326438654}}