{"sampling_mode":"Flat","iters":[3.0,3.0,3.0,3.0,3.0,3.0,3.0,3.0,3.0,3.0],"times":[6.850134596111102e-8,6.782707101060166e-8,6.777272749642033e-8,6.77655758543927e-8,6.77695727629936e-8,6.74898705754778e-8,6.762783442442376e-8,6.784401839519412e-8,6.73387140395908e-8,6.748342812796612e-8]}