{"mean":{"confidence_interval":{"confidence_level":0.95,"lower_bound":0.08369675968242102,"upper_bound":0.1318327433011958},"point_estimate":0.11087747246860702,"standard_error":0.012410833323776814},"median":{"confidence_interval":{"confidence_level":0.95,"lower_bound":0.1304511981831269,"upper_bound":0.1409217448162956},"point_estimate":0.13566636610562677,"standard_error":0.0027072266945262096}}