{"sampling_mode":"Linear","iters":[11.0,22.0,33.0,44.0,55.0,66.0,77.0,88.0,99.0,110.0],"times":[1.5539036961659277e-7,2.058810186684986e-7,2.3004462949580126e-7,2.40621143120874e-7,2.469932796282485e-7,2.566321566495645e-7,2.619671381370683e-7,2.60168096320276e-7,2.6918397626748035e-7,2.786695166824963e-7]}