{"mean":{"confidence_interval":{"confidence_level":0.95,"lower_bound":0.03236889043874314,"upper_bound":0.03585589020564863},"point_estimate":0.03415574005973543,"standard_error":0.0008908780361909614},"median":{"confidence_interval":{"confidence_level":0.95,"lower_bound":0.031908152111589747,"upper_bound":0.036467745277235286},"point_estimate":0.0334927089856345,"standard_error":0.0011449990015470267}}