{"mean":{"confidence_interval":{"confidence_level":0.95,"lower_bound":0.03039971929775122,"upper_bound":0.03659964365215873},"point_estimate":0.03344532012136159,"standard_error":0.0015774802470069048},"median":{"confidence_interval":{"confidence_level":0.95,"lower_bound":0.031834942022824775,"upper_bound":0.04006753415600017},"point_estimate":0.03417413114245993,"standard_error":0.002206311185848495}}