{"mean":{"confidence_interval":{"confidence_level":0.95,"lower_bound":-0.09109241206176787,"upper_bound":-0.07692050808042056},"point_estimate":-0.08356264579957462,"standard_error":0.003617086575615326},"median":{"confidence_interval":{"confidence_level":0.95,"lower_bound":-0.07977696084817798,"upper_bound":-0.07130812533009401},"point_estimate":-0.07479197299886897,"standard_error":0.0022096220404422026}}