{"sampling_mode":"Linear","iters":[1632201.0,3264402.0,4896603.0,6528804.0,8161005.0,9793206.0,11425407.0,13057608.0,14689809.0,16322010.0],"times":[3.4615078044922163e-7,3.033418126811587e-7,3.084327726793452e-7,3.053040495625232e-7,3.151988425445151e-7,3.3465707859101506e-7,3.3376311846046275e-7,3.3163661445495995e-7,3.067464988823204e-7,3.0879303406872073e-7]}