{"mean":{"confidence_interval":{"confidence_level":0.95,"lower_bound":-0.05235679616343881,"upper_bound":0.031241376392987137},"point_estimate":-0.010263533264888935,"standard_error":0.02123252249071131},"median":{"confidence_interval":{"confidence_level":0.95,"lower_bound":-0.022314069167282402,"upper_bound":0.07470400312337055},"point_estimate":0.015217124757473499,"standard_error":0.02507813909251917}}