{"sampling_mode":"Linear","iters":[24.0,48.0,72.0,96.0,120.0,144.0,168.0,192.0,216.0,240.0],"times":[2.1467774090073314e-7,2.695842354719655e-7,2.4270951161659664e-7,2.7117160823185194e-7,2.687598215540444e-7,2.7235356610622793e-7,2.712812785907538e-7,2.7466963237953254e-7,2.7529266803432105e-7,2.7138754021113897e-7]}