{"sampling_mode":"Linear","iters":[888158.0,1776316.0,2664474.0,3552632.0,4440790.0,5328948.0,6217106.0,7105264.0,7993422.0,8881580.0],"times":[7.508851240432444e-7,8.984656615151809e-7,9.127255398251212e-7,7.721771182604897e-7,7.678274451167472e-7,9.059302061119755e-7,7.577630058100987e-7,8.872731245454074e-7,8.820481991317361e-7,7.75085921649076e-7]}