{"sampling_mode":"Linear","iters":[30.0,60.0,90.0,120.0,150.0,180.0,210.0,240.0,270.0,300.0],"times":[5.621531387267233e-7,5.559403726081382e-7,5.452887958901349e-7,5.497887784060234e-7,5.506039580898091e-7,5.508471426980149e-7,5.415611237405573e-7,5.453232294949276e-7,5.524830030839363e-7,5.550973951907912e-7]}