{"mean":{"confidence_interval":{"confidence_level":0.95,"lower_bound":-0.0009443325655558184,"upper_bound":0.025310509992660123},"point_estimate":0.012748532426072323,"standard_error":0.006772306173361603},"median":{"confidence_interval":{"confidence_level":0.95,"lower_bound":-0.01518752139772972,"upper_bound":-0.0024942887036890626},"point_estimate":-0.010566666227140864,"standard_error":0.003271571874136332}}