{"mean":{"confidence_interval":{"confidence_level":0.95,"lower_bound":0.0262646820308165,"upper_bound":0.0562261611583407},"point_estimate":0.043578354375866546,"standard_error":0.007923375977055239},"median":{"confidence_interval":{"confidence_level":0.95,"lower_bound":0.04846914787694345,"upper_bound":0.056328056327807755},"point_estimate":0.05244971548718036,"standard_error":0.0020545294050470972}}