{"sampling_mode":"Linear","iters":[1503262.0,3006524.0,4509786.0,6013048.0,7516310.0,9019572.0,10522834.0,12026096.0,13529358.0,15032620.0],"times":[3.483706433076869e-7,3.330666277734686e-7,3.366219572281257e-7,3.391321406381589e-7,3.4416728022127875e-7,3.7303101078410376e-7,3.8783339545221366e-7,3.9022635109515173e-7,3.8436385229809126e-7,3.6575404220954155e-7]}