{"sampling_mode":"Linear","iters":[1504.0,3008.0,4512.0,6016.0,7520.0,9024.0,10528.0,12032.0,13536.0,15040.0],"times":[0.0002072315661279308,0.00020209156423316353,0.00020868166486736584,0.00020582920371637025,0.00020513724634369288,0.00020576342951516766,0.00020508850042397756,0.00020523587702246868,0.0002111184190705539,0.00021036271196935992]}