{"sampling_mode":"Linear","iters":[6.0,12.0,18.0,24.0,30.0,36.0,42.0,48.0,54.0,60.0],"times":[3.704416168892667e-7,3.6607524963272856e-7,5.548763376511033e-7,4.905151295952432e-7,6.124386016589981e-7,5.501012904837543e-7,5.494069474229209e-7,6.098623609837157e-7,5.23340990725619e-7,5.824098339261878e-7]}