{"mean":{"confidence_interval":{"confidence_level":0.95,"lower_bound":187405554.26666668,"upper_bound":193207592.12250003},"point_estimate":190616780.43333334,"standard_error":1502306.3780039507},"median":{"confidence_interval":{"confidence_level":0.95,"lower_bound":187676150.5,"upper_bound":193874857.66666666},"point_estimate":192235809.0,"standard_error":1334460.5895120355},"median_abs_dev":{"confidence_interval":{"confidence_level":0.95,"lower_bound":386884.9573314337,"upper_bound":7235580.836042762},"point_estimate":2813938.4263426065,"standard_error":1638522.0923025685},"slope":null,"std_dev":{"confidence_interval":{"confidence_level":0.95,"lower_bound":1557883.4769579545,"upper_bound":6763492.67895191},"point_estimate":4973880.443352815,"standard_error":1409899.8214091342}}