{"mean":{"confidence_interval":{"confidence_level":0.95,"lower_bound":6.577220544543303e-9,"upper_bound":1.415131893657129e-8},"point_estimate":1.0053229348461598e-8,"standard_error":1.9479846362191623e-9},"median":{"confidence_interval":{"confidence_level":0.95,"lower_bound":5.01755416714755e-9,"upper_bound":1.611649804799798e-8},"point_estimate":7.697183007262531e-9,"standard_error":2.4270423009649184e-9},"median_abs_dev":{"confidence_interval":{"confidence_level":0.95,"lower_bound":6.643493566083467e-10,"upper_bound":9.636558828827632e-9},"point_estimate":4.716126312152737e-9,"standard_error":2.2645418851118445e-9},"slope":{"confidence_interval":{"confidence_level":0.95,"lower_bound":5.030548204016216e-9,"upper_bound":7.964446805104063e-9},"point_estimate":5.90107101627754e-9,"standard_error":7.654499366895968e-10},"std_dev":{"confidence_interval":{"confidence_level":0.95,"lower_bound":2.258170089202423e-9,"upper_bound":8.068802497190662e-9},"point_estimate":6.495935243034817e-9,"standard_error":1.51343308793286e-9}}