{"sampling_mode":"Linear","iters":[5.0,10.0,15.0,20.0,25.0,30.0,35.0,40.0,45.0,50.0],"times":[1.0709462249141445e-7,2.152881384498976e-7,1.7281525964336416e-7,2.1628143195426126e-7,1.980307940572117e-7,2.241940275670979e-7,1.9540514299853533e-7,2.2022761144521065e-7,1.9414357196050095e-7,2.2260521243113305e-7]}