{"mean":{"confidence_interval":{"confidence_level":0.95,"lower_bound":0.013356966440410362,"upper_bound":0.02020971047708219},"point_estimate":0.016431516732950957,"standard_error":0.001758659034611444},"median":{"confidence_interval":{"confidence_level":0.95,"lower_bound":0.01346549803599914,"upper_bound":0.015778883654967046},"point_estimate":0.014657352573402394,"standard_error":0.0005841899959818339}}