{"mean":{"confidence_interval":{"confidence_level":0.95,"lower_bound":40485949.53,"upper_bound":40573686.966375},"point_estimate":40528174.065,"standard_error":22331.420297943605},"median":{"confidence_interval":{"confidence_level":0.95,"lower_bound":40465349.5,"upper_bound":40555957.25},"point_estimate":40507305.25,"standard_error":20709.283637885994},"median_abs_dev":{"confidence_interval":{"confidence_level":0.95,"lower_bound":143911.902295053,"upper_bound":234857.549880445},"point_estimate":213786.09775453806,"standard_error":23587.559601552774},"slope":null,"std_dev":{"confidence_interval":{"confidence_level":0.95,"lower_bound":166595.98276888285,"upper_bound":281153.5055577437},"point_estimate":224233.05986292064,"standard_error":29605.650531766776}}