{"mean":{"confidence_interval":{"confidence_level":0.95,"lower_bound":62313928.3655,"upper_bound":63097842.433},"point_estimate":62666404.99,"standard_error":201075.84031390463},"median":{"confidence_interval":{"confidence_level":0.95,"lower_bound":61906557.0,"upper_bound":62272561.0},"point_estimate":62110456.5,"standard_error":83119.42308773493},"median_abs_dev":{"confidence_interval":{"confidence_level":0.95,"lower_bound":512702.34469771385,"upper_bound":1022835.3436410427},"point_estimate":689381.5596610308,"standard_error":136844.07649235803},"slope":null,"std_dev":{"confidence_interval":{"confidence_level":0.95,"lower_bound":1128676.8746190302,"upper_bound":2912853.350499938},"point_estimate":2012252.7996203883,"standard_error":499635.18472042785}}