{"mean":{"confidence_interval":{"confidence_level":0.95,"lower_bound":180326955.24333334,"upper_bound":183841733.6666667},"point_estimate":181911798.86666667,"standard_error":906777.8476849177},"median":{"confidence_interval":{"confidence_level":0.95,"lower_bound":179687928.66666666,"upper_bound":183577169.8333333},"point_estimate":180893633.8333333,"standard_error":1008308.5561538261},"median_abs_dev":{"confidence_interval":{"confidence_level":0.95,"lower_bound":560179.6436548233,"upper_bound":4382571.452593781},"point_estimate":2191485.8772933483,"standard_error":1010799.599594444},"slope":null,"std_dev":{"confidence_interval":{"confidence_level":0.95,"lower_bound":1174748.5502211414,"upper_bound":4164223.402671721},"point_estimate":3042425.3183943317,"standard_error":827908.7445671343}}