{"sampling_mode":"Linear","iters":[971190.0,1942380.0,2913570.0,3884760.0,4855950.0,5827140.0,6798330.0,7769520.0,8740710.0,9711900.0],"times":[7.178507295173962e-7,7.079156550211595e-7,7.558619665908147e-7,6.999345854055334e-7,6.698676922126465e-7,7.232282423281404e-7,6.948256968990914e-7,7.26925256643911e-7,7.144017350993227e-7,7.971393187738753e-7]}