{"sampling_mode":"Linear","iters":[31.0,62.0,93.0,124.0,155.0,186.0,217.0,248.0,279.0,310.0],"times":[4.6716518193971975e-7,5.134296437377334e-7,5.743561904670222e-7,5.625349511502171e-7,5.67061909684158e-7,5.696210416473628e-7,5.819365290618948e-7,5.750537233293663e-7,5.609966629911167e-7,5.729988243321136e-7]}