{"sampling_mode":"Linear","iters":[3.0,6.0,9.0,12.0,15.0,18.0,21.0,24.0,27.0,30.0],"times":[2.2414548910830277e-7,4.3968222313459236e-7,6.621859148958897e-7,4.461871707956981e-7,6.155469614735e-7,6.622387419639102e-7,4.800752382732615e-7,5.607917270277426e-7,6.375735565079811e-7,6.920347969086227e-7]}