{"mean":{"confidence_interval":{"confidence_level":0.95,"lower_bound":20805563.428666674,"upper_bound":20851447.851666655},"point_estimate":20827879.806666665,"standard_error":11775.423212763388},"median":{"confidence_interval":{"confidence_level":0.95,"lower_bound":20797723.0,"upper_bound":20834422.333333332},"point_estimate":20809837.666666668,"standard_error":10220.065363789367},"median_abs_dev":{"confidence_interval":{"confidence_level":0.95,"lower_bound":58498.452961446696,"upper_bound":122503.7764251223},"point_estimate":82511.87763512411,"standard_error":16539.053668506484},"slope":null,"std_dev":{"confidence_interval":{"confidence_level":0.95,"lower_bound":94380.72961476175,"upper_bound":139558.64297505538},"point_estimate":118326.64918053,"standard_error":11547.706236307129}}