{"sampling_mode":"Linear","iters":[4.0,8.0,12.0,16.0,20.0,24.0,28.0,32.0,36.0,40.0],"times":[1.5794006997473485e-7,3.092807612830923e-7,2.3212579067880665e-7,3.0073830660948407e-7,3.8676132949125095e-7,3.1288370518166805e-7,3.884859061884588e-7,3.183840718917256e-7,3.46520163713193e-7,3.8810168727221036e-7]}