{"sampling_mode":"Linear","iters":[2.0,4.0,6.0,8.0,10.0,12.0,14.0,16.0,18.0,20.0],"times":[2.711195591400463e-7,5.381218666611815e-7,8.111119577839569e-7,1.0778665508542877e-6,1.3731382567930694e-6,8.11895483691211e-7,9.54363718811533e-7,1.0802255901101964e-6,1.2432820327503444e-6,1.3976349535223358e-6]}