{"mean":{"confidence_interval":{"confidence_level":0.95,"lower_bound":0.14575421405419073,"upper_bound":0.1633193391071401},"point_estimate":0.15510635923194815,"standard_error":0.004500361024257673},"median":{"confidence_interval":{"confidence_level":0.95,"lower_bound":0.15735077414814458,"upper_bound":0.16667932886370007},"point_estimate":0.16089963971795118,"standard_error":0.0027108132899653164}}