{"mean":{"confidence_interval":{"confidence_level":0.95,"lower_bound":-0.0402187910474473,"upper_bound":0.03747926746849594},"point_estimate":0.0009167603472457486,"standard_error":0.019920633842671606},"median":{"confidence_interval":{"confidence_level":0.95,"lower_bound":0.04963496293349845,"upper_bound":0.06019435200831724},"point_estimate":0.054525936428431176,"standard_error":0.0026348722796333077}}