{"mean":{"confidence_interval":{"confidence_level":0.95,"lower_bound":17272565.719583333,"upper_bound":17452652.590000004},"point_estimate":17362157.753333334,"standard_error":45734.64465858152},"median":{"confidence_interval":{"confidence_level":0.95,"lower_bound":17224647.0,"upper_bound":17329945.166666664},"point_estimate":17266228.5,"standard_error":27392.30959216298},"median_abs_dev":{"confidence_interval":{"confidence_level":0.95,"lower_bound":191254.90240454304,"upper_bound":458617.8389579085},"point_estimate":344689.6678805351,"standard_error":67114.65801436486},"slope":null,"std_dev":{"confidence_interval":{"confidence_level":0.95,"lower_bound":370516.19433726574,"upper_bound":541886.187850289},"point_estimate":458536.6014324804,"standard_error":43798.7001041775}}