{"sampling_mode":"Linear","iters":[900627.0,1801254.0,2701881.0,3602508.0,4503135.0,5403762.0,6304389.0,7205016.0,8105643.0,9006270.0],"times":[9.43123435117979e-7,8.880318655780917e-7,8.829335673924945e-7,8.852281771476984e-7,8.880103350221568e-7,8.929000351977012e-7,6.893112988427587e-7,8.982931169063329e-7,7.200009659936911e-7,7.065590627418453e-7]}