{"mean":{"confidence_interval":{"confidence_level":0.95,"lower_bound":77725412.26525,"upper_bound":78214855.367},"point_estimate":77944547.29,"standard_error":126256.74642730641},"median":{"confidence_interval":{"confidence_level":0.95,"lower_bound":77626284.0,"upper_bound":77747734.0},"point_estimate":77683730.5,"standard_error":30461.255003552476},"median_abs_dev":{"confidence_interval":{"confidence_level":0.95,"lower_bound":234745.9842324257,"upper_bound":392435.3174328804},"point_estimate":331925.96470713615,"standard_error":39349.23520926634},"slope":null,"std_dev":{"confidence_interval":{"confidence_level":0.95,"lower_bound":543499.4377512491,"upper_bound":1801329.1505575937},"point_estimate":1269121.447029618,"standard_error":315671.0423780205}}