{"mean":{"confidence_interval":{"confidence_level":0.95,"lower_bound":22155958.750419043,"upper_bound":22580320.25815},"point_estimate":22318997.317039683,"standard_error":118001.567620621},"median":{"confidence_interval":{"confidence_level":0.95,"lower_bound":22131351.173333332,"upper_bound":22308124.4},"point_estimate":22206705.377142854,"standard_error":61261.031331608254},"median_abs_dev":{"confidence_interval":{"confidence_level":0.95,"lower_bound":13242.960204226712,"upper_bound":224908.40626041198},"point_estimate":112022.97810252439,"standard_error":62123.21548484056},"slope":{"confidence_interval":{"confidence_level":0.95,"lower_bound":22140780.510362696,"upper_bound":22819951.93184827},"point_estimate":22367038.484675325,"standard_error":197124.96584386015},"std_dev":{"confidence_interval":{"confidence_level":0.95,"lower_bound":66693.9002783682,"upper_bound":603001.3894897492},"point_estimate":393926.0932031022,"standard_error":183597.03603655373}}