{"sampling_mode":"Linear","iters":[5.0,10.0,15.0,20.0,25.0,30.0,35.0,40.0,45.0,50.0],"times":[1.1995792650727786e-7,2.3748831404448375e-7,1.895385741628353e-7,2.377828571019879e-7,2.1433687383554672e-7,2.3817472332252175e-7,2.1440206873145874e-7,2.4125886891727744e-7,2.148415296937823e-7,2.3695022487433145e-7]}