{"sampling_mode":"Linear","iters":[1263.0,2526.0,3789.0,5052.0,6315.0,7578.0,8841.0,10104.0,11367.0,12630.0],"times":[0.0001976199230289162,0.0001970472192513369,0.00019314757317684104,0.00019723026685094621,0.00020275258944944347,0.0001975355901505177,0.00019420368546801758,0.00019955758454234408,0.00018744719295007845,0.0001875273705787613]}