{"mean":{"confidence_interval":{"confidence_level":0.95,"lower_bound":0.026974159551043507,"upper_bound":0.038196889641893675},"point_estimate":0.032597096644363166,"standard_error":0.0028777874445496455},"median":{"confidence_interval":{"confidence_level":0.95,"lower_bound":0.039392875892163115,"upper_bound":0.04496432812835849},"point_estimate":0.04131971776099652,"standard_error":0.001444709142836954}}