{"mean":{"confidence_interval":{"confidence_level":0.95,"lower_bound":-0.02685687976556202,"upper_bound":-0.0006924232203639086},"point_estimate":-0.01120149864221509,"standard_error":0.006943793787548663},"median":{"confidence_interval":{"confidence_level":0.95,"lower_bound":-0.007794689712596781,"upper_bound":-0.0011528724575084856},"point_estimate":-0.0037986534124393456,"standard_error":0.0018909732408638764}}