{"sampling_mode":"Linear","iters":[1206.0,2412.0,3618.0,4824.0,6030.0,7236.0,8442.0,9648.0,10854.0,12060.0],"times":[0.00008696389764155447,0.00008480619008464328,0.00008866517214113928,0.00008713429042498218,0.0000855578854393892,0.00008464078885412971,0.00008562013961750909,0.00008677235250450276,0.00008522090546530404,0.00008776166160894336]}