{"mean":{"confidence_interval":{"confidence_level":0.95,"lower_bound":0.030039392672576354,"upper_bound":0.06435036036665094},"point_estimate":0.04695991831722468,"standard_error":0.008762860949282927},"median":{"confidence_interval":{"confidence_level":0.95,"lower_bound":0.0009723162607375713,"upper_bound":0.027074192845918388},"point_estimate":0.012668091692024541,"standard_error":0.007019898243237868}}