{"mean":{"confidence_interval":{"confidence_level":0.95,"lower_bound":130878744.96111111,"upper_bound":136414018.70666665},"point_estimate":133530023.63305552,"standard_error":1425719.7215430767},"median":{"confidence_interval":{"confidence_level":0.95,"lower_bound":129800283.5,"upper_bound":137684816.9},"point_estimate":132959686.125,"standard_error":1885460.4062785718},"median_abs_dev":{"confidence_interval":{"confidence_level":0.95,"lower_bound":644582.2480897084,"upper_bound":8600592.593508951},"point_estimate":3564279.6455247225,"standard_error":1955095.7652089223},"slope":{"confidence_interval":{"confidence_level":0.95,"lower_bound":129656704.30202104,"upper_bound":137259758.8069252},"point_estimate":133155224.1064935,"standard_error":1951536.89386172},"std_dev":{"confidence_interval":{"confidence_level":0.95,"lower_bound":2469941.3605683837,"upper_bound":5959789.141630332},"point_estimate":4756873.341428848,"standard_error":891528.8696241123}}