{"sampling_mode":"Linear","iters":[16.0,32.0,48.0,64.0,80.0,96.0,112.0,128.0,144.0,160.0],"times":[6.409134591761527e-7,6.291623229055771e-7,7.906090137307892e-7,7.81326858211858e-7,7.958011833592662e-7,8.038920068085241e-7,7.892348282773924e-7,7.887261218965823e-7,8.132770477514203e-7,8.464612712581553e-7]}