{"mean":{"confidence_interval":{"confidence_level":0.95,"lower_bound":0.04372621317210293,"upper_bound":0.05800881325967943},"point_estimate":0.05040384764884709,"standard_error":0.0035922848348983447},"median":{"confidence_interval":{"confidence_level":0.95,"lower_bound":0.041608956255428264,"upper_bound":0.04756425513255591},"point_estimate":0.044899924860622775,"standard_error":0.001442640662359532}}