{"mean":{"confidence_interval":{"confidence_level":0.95,"lower_bound":0.005081659737980053,"upper_bound":0.04346311713399112},"point_estimate":0.026730283201015004,"standard_error":0.009884683533982253},"median":{"confidence_interval":{"confidence_level":0.95,"lower_bound":0.046905190391576035,"upper_bound":0.05026419690738626},"point_estimate":0.049008769025182586,"standard_error":0.0008299734425638784}}