{"sampling_mode":"Linear","iters":[8.0,16.0,24.0,32.0,40.0,48.0,56.0,64.0,72.0,80.0],"times":[3.689100393932702e-7,3.681934254477139e-7,3.703182622043199e-7,3.740214735665501e-7,4.6460119723660946e-7,4.813054491620882e-7,4.817983411840743e-7,4.678952298453071e-7,4.259015230462636e-7,4.675657199045104e-7]}