{"mean":{"confidence_interval":{"confidence_level":0.95,"lower_bound":0.06419336886454981,"upper_bound":0.06847169107817058},"point_estimate":0.06605867041148161,"standard_error":0.0010704183788464736},"median":{"confidence_interval":{"confidence_level":0.95,"lower_bound":0.06399287463940033,"upper_bound":0.06619808522909199},"point_estimate":0.06492514076353051,"standard_error":0.0005619780332382081}}