{"sampling_mode":"Linear","iters":[24.0,48.0,72.0,96.0,120.0,144.0,168.0,192.0,216.0,240.0],"times":[5.316530094989165e-7,6.668787374757436e-7,5.956675011456407e-7,6.641525883699089e-7,6.677118501671788e-7,6.644848247405572e-7,6.662456134289286e-7,6.63354863598047e-7,6.613387541464647e-7,6.562213292825744e-7]}