{"mean":{"confidence_interval":{"confidence_level":0.95,"lower_bound":-0.05581689093298035,"upper_bound":-0.01807425085523622},"point_estimate":-0.034622174725555954,"standard_error":0.009715856345123734},"median":{"confidence_interval":{"confidence_level":0.95,"lower_bound":-0.02805226471355887,"upper_bound":-0.013011946979522793},"point_estimate":-0.019922566198138147,"standard_error":0.00434910574895952}}