{"sampling_mode":"Linear","iters":[1470.0,2940.0,4410.0,5880.0,7350.0,8820.0,10290.0,11760.0,13230.0,14700.0],"times":[0.00020470783452738618,0.0002053914719166184,0.00020506868069132713,0.00020789659402932758,0.00020953885559347386,0.00020525094311726715,0.00020463423907600897,0.00020648967026869162,0.00020558169529460752,0.00020764406784841072]}