{"mean":{"confidence_interval":{"confidence_level":0.95,"lower_bound":0.014912399306274892,"upper_bound":0.01965385648746067},"point_estimate":0.017001074032881647,"standard_error":0.0012316233070222245},"median":{"confidence_interval":{"confidence_level":0.95,"lower_bound":0.01291897065565295,"upper_bound":0.015701662217721513},"point_estimate":0.014252808861802135,"standard_error":0.0007507000312930364}}