{"sampling_mode":"Linear","iters":[889869.0,1779738.0,2669607.0,3559476.0,4449345.0,5339214.0,6229083.0,7118952.0,8008821.0,8898690.0],"times":[7.164495897710786e-7,8.427721327521241e-7,7.440430220627981e-7,8.899624944795245e-7,8.86786221342692e-7,7.512007216792585e-7,8.925409052985808e-7,9.050006686377435e-7,7.795573430845812e-7,9.115608713192617e-7]}