{"mean":{"confidence_interval":{"confidence_level":0.95,"lower_bound":83.82098039246212,"upper_bound":91.82793966966683},"point_estimate":87.85541444667474,"standard_error":2.0571654934306234},"median":{"confidence_interval":{"confidence_level":0.95,"lower_bound":81.24907773551692,"upper_bound":94.12587265164136},"point_estimate":88.19951106640542,"standard_error":4.97091977152082},"median_abs_dev":{"confidence_interval":{"confidence_level":0.95,"lower_bound":0.2846317920360197,"upper_bound":10.147818515895288},"point_estimate":8.794986225152632,"standard_error":3.175262778678127},"slope":{"confidence_interval":{"confidence_level":0.95,"lower_bound":82.99918975389409,"upper_bound":92.56333462024685},"point_estimate":86.754879440366,"standard_error":2.465042786545764},"std_dev":{"confidence_interval":{"confidence_level":0.95,"lower_bound":4.9106532590013,"upper_bound":7.3851639500713375},"point_estimate":6.858329824535949,"standard_error":0.6573037657562486}}