{"sampling_mode":"Linear","iters":[4.0,8.0,12.0,16.0,20.0,24.0,28.0,32.0,36.0,40.0],"times":[1.6685176178889334e-7,3.198293418990092e-7,2.3810950384496518e-7,3.2249575899484136e-7,4.1451218901136424e-7,3.246230899356169e-7,4.2152268606027156e-7,3.3261313809087447e-7,3.668160347973556e-7,3.9942859453077483e-7]}