{"sampling_mode":"Linear","iters":[3.0,6.0,9.0,12.0,15.0,18.0,21.0,24.0,27.0,30.0],"times":[2.0260265009639606e-7,4.1068708592243804e-7,6.10987794821354e-7,4.0481198471126996e-7,5.428106933845452e-7,6.130874642137879e-7,4.748046753793977e-7,5.404869860669853e-7,6.087292334005892e-7,6.776666847428722e-7]}