{"mean":{"confidence_interval":{"confidence_level":0.95,"lower_bound":8984161.770211805,"upper_bound":9080348.720798612},"point_estimate":9026855.36236111,"standard_error":24815.230283096702},"median":{"confidence_interval":{"confidence_level":0.95,"lower_bound":8973455.318750001,"upper_bound":9050932.2},"point_estimate":9021893.093333334,"standard_error":20161.920823558103},"median_abs_dev":{"confidence_interval":{"confidence_level":0.95,"lower_bound":5440.583457409931,"upper_bound":112653.45694775232},"point_estimate":49016.01533979122,"standard_error":25945.415611546545},"slope":{"confidence_interval":{"confidence_level":0.95,"lower_bound":8956303.065001052,"upper_bound":9030141.809128566},"point_estimate":8993010.63922078,"standard_error":19283.513459898353},"std_dev":{"confidence_interval":{"confidence_level":0.95,"lower_bound":29935.670615537314,"upper_bound":118925.3669787398},"point_estimate":82987.092966001,"standard_error":26568.54073981804}}