{"sampling_mode":"Linear","iters":[4.0,8.0,12.0,16.0,20.0,24.0,28.0,32.0,36.0,40.0],"times":[1.5003146467459127e-7,3.177015160047241e-7,2.257316561645351e-7,3.1870173430567927e-7,3.8611102669384293e-7,3.0940629383073774e-7,3.910615494692922e-7,3.050429008981019e-7,3.476039480885613e-7,3.813299341817144e-7]}