{"mean":{"confidence_interval":{"confidence_level":0.95,"lower_bound":-0.10856305580838276,"upper_bound":-0.055339514586728575},"point_estimate":-0.08149566980662604,"standard_error":0.013603331369389366},"median":{"confidence_interval":{"confidence_level":0.95,"lower_bound":-0.03809638478906885,"upper_bound":0.000261077158180122},"point_estimate":-0.01142265220325589,"standard_error":0.00859376848627337}}