{"sampling_mode":"Linear","iters":[3.0,6.0,9.0,12.0,15.0,18.0,21.0,24.0,27.0,30.0],"times":[2.0347930056304267e-7,4.079645475743914e-7,6.29812015565483e-7,4.3044895310720627e-7,5.738109700128216e-7,6.470477791511539e-7,5.016453417306658e-7,5.856145679257055e-7,6.491553257176408e-7,7.18274313898919e-7]}