{"mean":{"confidence_interval":{"confidence_level":0.95,"lower_bound":0.00010704243711331575,"upper_bound":0.012302823882598351},"point_estimate":0.006019613119406131,"standard_error":0.0030287978707885486},"median":{"confidence_interval":{"confidence_level":0.95,"lower_bound":0.001532694634015197,"upper_bound":0.0098090916924789},"point_estimate":0.007197496904776557,"standard_error":0.0022584192684804577}}