{"sampling_mode":"Linear","iters":[921472.0,1842944.0,2764416.0,3685888.0,4607360.0,5528832.0,6450304.0,7371776.0,8293248.0,9214720.0],"times":[7.670987072857341e-7,7.222768950114599e-7,8.180817937676529e-7,8.07475327519447e-7,8.163960380782053e-7,7.886441277289671e-7,7.56242970873931e-7,7.093559665947527e-7,7.010883817775618e-7,7.762528335098626e-7]}