{"sampling_mode":"Linear","iters":[844937.0,1689874.0,2534811.0,3379748.0,4224685.0,5069622.0,5914559.0,6759496.0,7604433.0,8449370.0],"times":[9.156998450772071e-7,9.136067245250239e-7,9.064596808203845e-7,9.095067679602148e-7,9.114138355877417e-7,9.099815804807538e-7,9.185206048329216e-7,9.34857616603368e-7,9.308967282636327e-7,9.30433067790853e-7]}