{"sampling_mode":"Linear","iters":[4.0,8.0,12.0,16.0,20.0,24.0,28.0,32.0,36.0,40.0],"times":[1.3512766361674318e-7,3.492408263039846e-7,2.413625242877863e-7,3.287883054560084e-7,4.2603309867581765e-7,3.4064527024017886e-7,3.9906300582521446e-7,3.178877517139927e-7,3.544029358248403e-7,4.016188370308735e-7]}