{"mean":{"confidence_interval":{"confidence_level":0.95,"lower_bound":78.66668901595457,"upper_bound":87.6480992116554},"point_estimate":83.1368729807493,"standard_error":2.2955195042841283},"median":{"confidence_interval":{"confidence_level":0.95,"lower_bound":75.77437805862837,"upper_bound":91.99381509466546},"point_estimate":83.74419559898038,"standard_error":3.592072722252538},"median_abs_dev":{"confidence_interval":{"confidence_level":0.95,"lower_bound":0.2909155106549529,"upper_bound":13.2354528764089},"point_estimate":12.023468461355062,"standard_error":3.849101593584741},"slope":{"confidence_interval":{"confidence_level":0.95,"lower_bound":79.6178361902934,"upper_bound":91.39563661643432},"point_estimate":87.36445689512807,"standard_error":2.974614174188213},"std_dev":{"confidence_interval":{"confidence_level":0.95,"lower_bound":4.604664445828809,"upper_bound":9.053388547460917},"point_estimate":7.637466383355128,"standard_error":1.1161386594961435}}