{"sampling_mode":"Linear","iters":[13.0,26.0,39.0,52.0,65.0,78.0,91.0,104.0,117.0,130.0],"times":[2.0640153382797997e-7,2.657261601783305e-7,2.964929477010832e-7,2.6900743680815473e-7,2.99074150913971e-7,3.029728451110535e-7,3.0175439641827045e-7,2.962400317528475e-7,3.0177246167485107e-7,3.0350019073466496e-7]}