{"mean":{"confidence_interval":{"confidence_level":0.95,"lower_bound":189852691.942,"upper_bound":192899124.53},"point_estimate":191293606.03,"standard_error":779671.5149875558},"median":{"confidence_interval":{"confidence_level":0.95,"lower_bound":188804810.0,"upper_bound":191596235.0},"point_estimate":189825290.5,"standard_error":795609.6872225989},"median_abs_dev":{"confidence_interval":{"confidence_level":0.95,"lower_bound":4474428.157863021,"upper_bound":7374603.494274616},"point_estimate":5608629.739826918,"standard_error":764493.3217178765},"slope":null,"std_dev":{"confidence_interval":{"confidence_level":0.95,"lower_bound":5103138.092165915,"upper_bound":10457294.068443103},"point_estimate":7851839.607579376,"standard_error":1399035.2951115875}}