{"mean":{"confidence_interval":{"confidence_level":0.95,"lower_bound":71011.0337429519,"upper_bound":72143.08803950017},"point_estimate":71568.18642355267,"standard_error":288.06638601911004},"median":{"confidence_interval":{"confidence_level":0.95,"lower_bound":70979.31641791045,"upper_bound":72208.92434210525},"point_estimate":71518.7894518635,"standard_error":315.83734773678134},"median_abs_dev":{"confidence_interval":{"confidence_level":0.95,"lower_bound":151.07586325135054,"upper_bound":1617.9908508998144},"point_estimate":826.839183796707,"standard_error":382.8613127899418},"slope":{"confidence_interval":{"confidence_level":0.95,"lower_bound":71160.19815534035,"upper_bound":72180.69635336536},"point_estimate":71605.80519276482,"standard_error":264.8272842673189},"std_dev":{"confidence_interval":{"confidence_level":0.95,"lower_bound":460.8211151259615,"upper_bound":1254.936847409885},"point_estimate":959.1879520256051,"standard_error":200.50015484739802}}