{"sampling_mode":"Linear","iters":[1083.0,2166.0,3249.0,4332.0,5415.0,6498.0,7581.0,8664.0,9747.0,10830.0],"times":[0.000014427453499581222,0.00001448898106895145,0.000014336116021986135,0.000013255028859037985,0.000015246549451511164,0.000015075489943480528,0.000013193535334950238,0.00001551057210793906,0.000012940633929013266,0.00001377298233230344]}