{"sampling_mode":"Linear","iters":[917089.0,1834178.0,2751267.0,3668356.0,4585445.0,5502534.0,6419623.0,7336712.0,8253801.0,9170890.0],"times":[7.156766246242185e-7,7.09775392573676e-7,7.872829427314761e-7,8.067893137961529e-7,8.37435007943613e-7,8.373335157947228e-7,7.526617980526271e-7,7.528599037279914e-7,8.026396517192503e-7,7.344916218600376e-7]}