{"mean":{"confidence_interval":{"confidence_level":0.95,"lower_bound":-0.03760324698912889,"upper_bound":0.014116450212656225},"point_estimate":-0.009677183747287321,"standard_error":0.013309379895703884},"median":{"confidence_interval":{"confidence_level":0.95,"lower_bound":0.010034462840216474,"upper_bound":0.017273312879308556},"point_estimate":0.01448198866161654,"standard_error":0.001830287163734647}}