{"sampling_mode":"Linear","iters":[1062.0,2124.0,3186.0,4248.0,5310.0,6372.0,7434.0,8496.0,9558.0,10620.0],"times":[2.6087687229516603e-6,2.4325899557023338e-6,2.4672552802644844e-6,2.2248296274753764e-6,2.4111996904453443e-6,2.4414276615771093e-6,2.4546283165973683e-6,2.4553955614286212e-6,2.5178742590362708e-6,2.507135097690774e-6]}