{"mean":{"confidence_interval":{"confidence_level":0.95,"lower_bound":0.0007165225462579146,"upper_bound":0.04158920604702527},"point_estimate":0.021457550672695946,"standard_error":0.01020994008859049},"median":{"confidence_interval":{"confidence_level":0.95,"lower_bound":-0.015151887833798505,"upper_bound":0.009599891388488784},"point_estimate":-0.004829860895070315,"standard_error":0.006394846027709736}}