{"mean":{"confidence_interval":{"confidence_level":0.95,"lower_bound":-0.039159401601446465,"upper_bound":-0.0020806194376541865},"point_estimate":-0.017162284216509893,"standard_error":0.009894779867082606},"median":{"confidence_interval":{"confidence_level":0.95,"lower_bound":-0.004568870718788753,"upper_bound":0.00036162170421083495},"point_estimate":-0.0027200808057421533,"standard_error":0.0012108509586899845}}