{"sampling_mode":"Linear","iters":[922550.0,1845100.0,2767650.0,3690200.0,4612750.0,5535300.0,6457850.0,7380400.0,8302950.0,9225500.0],"times":[7.190991599371308e-7,7.977443119614112e-7,7.91283261973154e-7,7.802034144490813e-7,7.774289285133599e-7,7.022982114790524e-7,7.014059307664315e-7,7.917534903257278e-7,7.238765161779848e-7,7.302198688417974e-7]}