{"sampling_mode":"Linear","iters":[1276.0,2552.0,3828.0,5104.0,6380.0,7656.0,8932.0,10208.0,11484.0,12760.0],"times":[0.0001903933257825371,0.00020553159128121164,0.00018885553426168479,0.00019219601566146345,0.00019955000376994928,0.00019565113127413127,0.00020121049020200798,0.00019030360542797494,0.00019011705929875588,0.0001950431784448614]}