{"mean":{"confidence_interval":{"confidence_level":0.95,"lower_bound":54239487.138749994,"upper_bound":54484790.425749995},"point_estimate":54350594.82,"standard_error":63007.17463595956},"median":{"confidence_interval":{"confidence_level":0.95,"lower_bound":54113176.0,"upper_bound":54232617.0},"point_estimate":54170138.0,"standard_error":34596.384585383275},"median_abs_dev":{"confidence_interval":{"confidence_level":0.95,"lower_bound":132817.2360420227,"upper_bound":282423.43418598175},"point_estimate":198319.98547911644,"standard_error":36803.06787028205},"slope":null,"std_dev":{"confidence_interval":{"confidence_level":0.95,"lower_bound":339902.210659725,"upper_bound":858572.2517872005},"point_estimate":632108.2761124922,"standard_error":130953.15661739481}}