{"mean":{"confidence_interval":{"confidence_level":0.95,"lower_bound":0.1129085961631034,"upper_bound":0.1260219302735166},"point_estimate":0.1187233697150023,"standard_error":0.0032068525454123455},"median":{"confidence_interval":{"confidence_level":0.95,"lower_bound":0.1108685893442255,"upper_bound":0.11906673576801702},"point_estimate":0.11454360642564465,"standard_error":0.0021083274717638356}}