{"sampling_mode":"Linear","iters":[879952.0,1759904.0,2639856.0,3519808.0,4399760.0,5279712.0,6159664.0,7039616.0,7919568.0,8799520.0],"times":[9.5831688546648e-7,9.30216403849301e-7,9.1124262080962e-7,9.169820768632834e-7,7.009107110387839e-7,7.326219896085241e-7,7.052184242517124e-7,9.203598790047639e-7,9.533918542021483e-7,7.160081174882268e-7]}