{"mean":{"confidence_interval":{"confidence_level":0.95,"lower_bound":47608941.495,"upper_bound":47860234.341125004},"point_estimate":47733625.015,"standard_error":64219.220982863626},"median":{"confidence_interval":{"confidence_level":0.95,"lower_bound":47478029.5,"upper_bound":47727905.5},"point_estimate":47586385.75,"standard_error":54867.30880485985},"median_abs_dev":{"confidence_interval":{"confidence_level":0.95,"lower_bound":490938.1477341056,"upper_bound":814243.1642442942},"point_estimate":635710.3286638856,"standard_error":83203.28836238933},"slope":null,"std_dev":{"confidence_interval":{"confidence_level":0.95,"lower_bound":560412.2883704139,"upper_bound":716432.1396310215},"point_estimate":644493.5608095218,"standard_error":39933.18397828671}}