{"mean":{"confidence_interval":{"confidence_level":0.95,"lower_bound":2.4398666669625683e-8,"upper_bound":7.219958585642331e-8},"point_estimate":4.4658247232868665e-8,"standard_error":1.2527050345157551e-8},"median":{"confidence_interval":{"confidence_level":0.95,"lower_bound":1.8642594575624503e-8,"upper_bound":5.909670828995755e-8},"point_estimate":2.8416348994126855e-8,"standard_error":1.0058868968449623e-8},"median_abs_dev":{"confidence_interval":{"confidence_level":0.95,"lower_bound":3.429635246825054e-9,"upper_bound":4.626031546761613e-8},"point_estimate":1.60381380686943e-8,"standard_error":1.1657231159874508e-8},"slope":{"confidence_interval":{"confidence_level":0.95,"lower_bound":1.8320304180525934e-8,"upper_bound":3.0101717968407104e-8},"point_estimate":2.1782460557028203e-8,"standard_error":3.081313252414385e-9},"std_dev":{"confidence_interval":{"confidence_level":0.95,"lower_bound":9.046223770526783e-9,"upper_bound":6.010849420728834e-8},"point_estimate":4.170351670465103e-8,"standard_error":1.4701868229406821e-8}}