{"mean":{"confidence_interval":{"confidence_level":0.95,"lower_bound":0.02689529827332108,"upper_bound":0.13155870244965412},"point_estimate":0.07835456454898382,"standard_error":0.026623361291968285},"median":{"confidence_interval":{"confidence_level":0.95,"lower_bound":0.024399806541477442,"upper_bound":0.14148526696074537},"point_estimate":0.05214669502362779,"standard_error":0.029633334197175554}}