{"sampling_mode":"Flat","iters":[3.0,3.0,3.0,3.0,3.0,3.0,3.0,3.0,3.0,3.0],"times":[7.430922785203393e-8,7.24840256315672e-8,7.148024729053246e-8,7.346049650677036e-8,7.364089701926476e-8,7.286599347571e-8,7.29512502321545e-8,7.314973108593526e-8,7.286829415877911e-8,7.252683962639603e-8]}