{"sampling_mode":"Linear","iters":[5.0,10.0,15.0,20.0,25.0,30.0,35.0,40.0,45.0,50.0],"times":[1.427128897722372e-7,2.9267914996487305e-7,2.373384717144839e-7,2.919127624734583e-7,2.597781088660014e-7,2.8384853479054026e-7,2.6088822509466453e-7,2.846811941063925e-7,2.5844796959511606e-7,2.8626123211290694e-7]}