{"sampling_mode":"Linear","iters":[5.0,10.0,15.0,20.0,25.0,30.0,35.0,40.0,45.0,50.0],"times":[2.9791698658173273e-7,5.930998468040788e-7,4.970342157741339e-7,6.243282237750381e-7,5.387418594230629e-7,5.91832359459394e-7,5.304179407907711e-7,5.875563925993653e-7,5.309828559837237e-7,5.916467774359968e-7]}