{"mean":{"confidence_interval":{"confidence_level":0.95,"lower_bound":0.038494326575203026,"upper_bound":0.12123128239510342},"point_estimate":0.08179082130393844,"standard_error":0.021018138799226843},"median":{"confidence_interval":{"confidence_level":0.95,"lower_bound":0.060564583336143674,"upper_bound":0.0693497071297593},"point_estimate":0.06505905550775704,"standard_error":0.0022785946643548447}}