{"mean":{"confidence_interval":{"confidence_level":0.95,"lower_bound":2.292402863143111e-8,"upper_bound":2.381776479473673e-8},"point_estimate":2.3358045072583088e-8,"standard_error":2.2996100535320628e-10},"median":{"confidence_interval":{"confidence_level":0.95,"lower_bound":2.2603007764790045e-8,"upper_bound":2.412669532657462e-8},"point_estimate":2.3150983178635233e-8,"standard_error":4.022824409522576e-10},"median_abs_dev":{"confidence_interval":{"confidence_level":0.95,"lower_bound":2.7948000438871967e-11,"upper_bound":1.3259717635157202e-9},"point_estimate":8.426617693877649e-10,"standard_error":3.30010775989904e-10},"slope":null,"std_dev":{"confidence_interval":{"confidence_level":0.95,"lower_bound":4.345385701077173e-10,"upper_bound":9.062764017385544e-10},"point_estimate":7.657500255066996e-10,"standard_error":1.1707894130288826e-10}}