{"sampling_mode":"Flat","iters":[2.0,2.0,2.0,2.0,2.0,2.0,2.0,2.0,2.0,2.0],"times":[4.6052626894844406e-8,4.562379521833133e-8,4.516214817408676e-8,4.516831419282702e-8,4.520601552958009e-8,4.6551305819696526e-8,4.77845652384122e-8,4.762827797403851e-8,4.9105349077585006e-8,4.887850333225997e-8]}