{"mean":{"confidence_interval":{"confidence_level":0.95,"lower_bound":0.004690582612063435,"upper_bound":0.04680988276066453},"point_estimate":0.028438489474060136,"standard_error":0.010892851805144233},"median":{"confidence_interval":{"confidence_level":0.95,"lower_bound":0.03476544934710901,"upper_bound":0.04266963077628105},"point_estimate":0.037267013976784114,"standard_error":0.0022487325993496452}}