{"mean":{"confidence_interval":{"confidence_level":0.95,"lower_bound":15065248.87,"upper_bound":15378907.2070625},"point_estimate":15219740.7425,"standard_error":80232.19545570447},"median":{"confidence_interval":{"confidence_level":0.95,"lower_bound":15173980.625,"upper_bound":15339371.625},"point_estimate":15253616.625,"standard_error":41560.4973523602},"median_abs_dev":{"confidence_interval":{"confidence_level":0.95,"lower_bound":340369.13063474034,"upper_bound":1254370.2016554773},"point_estimate":692751.8800511956,"standard_error":257201.86781836968},"slope":null,"std_dev":{"confidence_interval":{"confidence_level":0.95,"lower_bound":690976.7319765408,"upper_bound":913913.527801633},"point_estimate":806934.0622772991,"standard_error":56928.59713453535}}