{"mean":{"confidence_interval":{"confidence_level":0.95,"lower_bound":-0.02090436982621257,"upper_bound":0.018346722782684243},"point_estimate":0.0016506136412621775,"standard_error":0.0102405313265787},"median":{"confidence_interval":{"confidence_level":0.95,"lower_bound":0.010944357390478998,"upper_bound":0.017388967063784344},"point_estimate":0.013923623210779557,"standard_error":0.0016409218835468473}}