{"mean":{"confidence_interval":{"confidence_level":0.95,"lower_bound":2.418304539182339e-8,"upper_bound":7.43505470505759e-8},"point_estimate":4.552922833524384e-8,"standard_error":1.3110938189610134e-8},"median":{"confidence_interval":{"confidence_level":0.95,"lower_bound":1.8987088883716424e-8,"upper_bound":6.026823582133636e-8},"point_estimate":2.7283984867687028e-8,"standard_error":1.081367903007535e-8},"median_abs_dev":{"confidence_interval":{"confidence_level":0.95,"lower_bound":3.4588963326634195e-9,"upper_bound":4.8983371944269264e-8},"point_estimate":1.5678951751531427e-8,"standard_error":1.2616232027317575e-8},"slope":{"confidence_interval":{"confidence_level":0.95,"lower_bound":1.8188572825328725e-8,"upper_bound":2.991515826227828e-8},"point_estimate":2.1636182356118917e-8,"standard_error":3.0828229519326058e-9},"std_dev":{"confidence_interval":{"confidence_level":0.95,"lower_bound":8.941528982986037e-9,"upper_bound":6.291899769073622e-8},"point_estimate":4.371461639711882e-8,"standard_error":1.5340546818474936e-8}}