{"sampling_mode":"Linear","iters":[1236.0,2472.0,3708.0,4944.0,6180.0,7416.0,8652.0,9888.0,11124.0,12360.0],"times":[0.00019153772774434531,0.0002045129104477612,0.00019672232578271534,0.00018690649490585157,0.00018318560646451182,0.00018485333580011982,0.00018446135413179121,0.00018946821236344257,0.00018526015531547717,0.00018580726075786774]}