{"mean":{"confidence_interval":{"confidence_level":0.95,"lower_bound":144708.43958418234,"upper_bound":146877.96744739078},"point_estimate":145749.27459223202,"standard_error":558.2618753244946},"median":{"confidence_interval":{"confidence_level":0.95,"lower_bound":144685.43951399895,"upper_bound":147173.0204437401},"point_estimate":145183.48321824768,"standard_error":665.0028444459408},"median_abs_dev":{"confidence_interval":{"confidence_level":0.95,"lower_bound":85.99930180126256,"upper_bound":2982.0765637770432},"point_estimate":761.2704300267427,"standard_error":843.5286282015463},"slope":{"confidence_interval":{"confidence_level":0.95,"lower_bound":144158.54275640243,"upper_bound":147390.82317966697},"point_estimate":145742.74415378598,"standard_error":833.022979374572},"std_dev":{"confidence_interval":{"confidence_level":0.95,"lower_bound":790.6366845222828,"upper_bound":2391.8866331101576},"point_estimate":1865.9034434588727,"standard_error":388.6492677517358}}