{"sampling_mode":"Linear","iters":[1480845.0,2961690.0,4442535.0,5923380.0,7404225.0,8885070.0,10365915.0,11846760.0,13327605.0,14808450.0],"times":[3.6542559822263634e-7,3.5640290172165214e-7,3.647359514331344e-7,3.613588086531676e-7,3.440553251690757e-7,3.6544654909865653e-7,3.63482950612657e-7,3.6595690129621934e-7,3.6296341165573257e-7,3.6904725747799397e-7]}