{"mean":{"confidence_interval":{"confidence_level":0.95,"lower_bound":90368311.2575,"upper_bound":90702353.35949999},"point_estimate":90509970.75,"standard_error":85822.94563187088},"median":{"confidence_interval":{"confidence_level":0.95,"lower_bound":90295212.5,"upper_bound":90462014.0},"point_estimate":90378299.0,"standard_error":38853.7351523857},"median_abs_dev":{"confidence_interval":{"confidence_level":0.95,"lower_bound":251326.6410380602,"upper_bound":464821.7785477638},"point_estimate":358377.7721375227,"standard_error":56178.26166283878},"slope":null,"std_dev":{"confidence_interval":{"confidence_level":0.95,"lower_bound":388561.65990281856,"upper_bound":1340032.1545501426},"point_estimate":861128.4498408942,"standard_error":296585.79155205685}}