{"sampling_mode":"Linear","iters":[1.0,2.0,3.0,4.0,5.0,6.0,7.0,8.0,9.0,10.0],"times":[2.6253049324766007e-8,5.3002325276520875e-8,7.874836096416873e-8,1.0521409948890449e-7,1.3097124768960042e-7,1.586362159245424e-7,1.8539912049335057e-7,2.10425340592384e-7,2.3614915304364245e-7,2.634768389572632e-7]}