{"sampling_mode":"Linear","iters":[870210.0,1740420.0,2610630.0,3480840.0,4351050.0,5221260.0,6091470.0,6961680.0,7831890.0,8702100.0],"times":[8.292384481906664e-7,8.44071965387665e-7,8.31124387599928e-7,8.016113926523484e-7,7.758018225485801e-7,7.783363689990539e-7,7.923288188236995e-7,8.101340078831547e-7,8.182379847010109e-7,8.010311189253168e-7]}