{"sampling_mode":"Linear","iters":[1646497.0,3292994.0,4939491.0,6585988.0,8232485.0,9878982.0,11525479.0,13171976.0,14818473.0,16464970.0],"times":[3.506810398075429e-7,2.9534522686649295e-7,2.9419021109664936e-7,3.215152350717918e-7,3.148575891726495e-7,3.022536714815352e-7,3.005295719162735e-7,3.1475338476170923e-7,2.99704938558784e-7,2.998942913348764e-7]}