{"mean":{"confidence_interval":{"confidence_level":0.95,"lower_bound":2.9240848400337313e-9,"upper_bound":8.818472128622074e-9},"point_estimate":5.412300395662194e-9,"standard_error":1.5487827756880575e-9},"median":{"confidence_interval":{"confidence_level":0.95,"lower_bound":2.2721801228955317e-9,"upper_bound":6.923623015092915e-9},"point_estimate":3.3654774789049607e-9,"standard_error":1.1942427402839351e-9},"median_abs_dev":{"confidence_interval":{"confidence_level":0.95,"lower_bound":3.9483798132727364e-10,"upper_bound":5.242600319830815e-9},"point_estimate":1.8794473667692305e-9,"standard_error":1.3711227064429143e-9},"slope":{"confidence_interval":{"confidence_level":0.95,"lower_bound":2.2164218560605355e-9,"upper_bound":3.6017217607664517e-9},"point_estimate":2.6185275076780336e-9,"standard_error":3.643774295206914e-10},"std_dev":{"confidence_interval":{"confidence_level":0.95,"lower_bound":1.0805703805926168e-9,"upper_bound":7.593328721720383e-9},"point_estimate":5.2069881540133036e-9,"standard_error":1.9120577673230424e-9}}