{"sampling_mode":"Linear","iters":[1267.0,2534.0,3801.0,5068.0,6335.0,7602.0,8869.0,10136.0,11403.0,12670.0],"times":[0.00018636493237704916,0.0001869446234548665,0.0001870331491449206,0.0001916117219703215,0.00018780407170187989,0.00018637540673986603,0.00018419789259248323,0.0001907703807257585,0.00018645304125256533,0.00018713677449988644]}