{"sampling_mode":"Linear","iters":[899506.0,1799012.0,2698518.0,3598024.0,4497530.0,5397036.0,6296542.0,7196048.0,8095554.0,8995060.0],"times":[8.222841870982517e-7,7.202496981676609e-7,7.290566081085989e-7,7.342898435363411e-7,7.262244832163431e-7,7.29757166711506e-7,7.5196867105786e-7,7.495170279575679e-7,7.512669559118499e-7,7.690674459091991e-7]}