{"sampling_mode":"Linear","iters":[879604.0,1759208.0,2638812.0,3518416.0,4398020.0,5277624.0,6157228.0,7036832.0,7916436.0,8796040.0],"times":[8.289300526145857e-7,8.326192184210167e-7,8.356390072502322e-7,7.600927917562902e-7,7.649563030636513e-7,7.415679764227237e-7,7.770949719581605e-7,8.070439183427996e-7,7.952549000585618e-7,8.088712193214221e-7]}