{"sampling_mode":"Linear","iters":[956348.0,1912696.0,2869044.0,3825392.0,4781740.0,5738088.0,6694436.0,7650784.0,8607132.0,9563480.0],"times":[8.234301634969697e-7,7.825338893373542e-7,7.918463153580078e-7,6.857947577660015e-7,6.876409675139174e-7,6.877522530152901e-7,7.088464166361438e-7,6.765483746502319e-7,6.68627863497388e-7,6.903852771166981e-7]}