{"sampling_mode":"Linear","iters":[914130.0,1828260.0,2742390.0,3656520.0,4570650.0,5484780.0,6398910.0,7313040.0,8227170.0,9141300.0],"times":[7.315066128450001e-7,8.695791134740136e-7,8.741168214586547e-7,6.894486643037642e-7,8.735207858838457e-7,8.599564121076871e-7,6.965172474687095e-7,7.318749712841718e-7,8.981043323524371e-7,7.12227486243751e-7]}